{
  "accuracy": 0.7264086290634963,
  "precision": 0.7339513604630559,
  "recall": 0.7264086290634963,
  "f1": 0.7119455443526161,
  "macro_f1": 0.45719812966570034,
  "num_samples": 33561,
  "epoch": 48,
  "val_loss": 1.8576035534950857,
  "val_acc": 0.7264086290634963,
  "best_model_path": "output/models/lr_0.01_bs_32/best_model.pth",
  "total_parameters": 36955619,
  "trainable_parameters": 28412323,
  "inference_time_seconds": 42.291107197408564,
  "inference_time_per_sample_ms": 1.2601265515749998
}