{
  "total_parameters": 36955619,
  "trainable_parameters": 28412323,
  "total_training_time_seconds": 19187.203858891968,
  "average_epoch_time_seconds": 381.6174122104491,
  "completed_epochs": 50
}