{
  "accuracy": 0.7958046542117339,
  "precision": 0.8056843536358572,
  "recall": 0.7958046542117339,
  "f1": 0.7859599791310743,
  "macro_f1": 0.5258486587670007,
  "num_samples": 33561,
  "epoch": 49,
  "val_loss": 1.8716907396151998,
  "val_acc": 0.7958046542117339,
  "best_model_path": "output/models/lr_0.0005_bs_64/best_model.pth",
  "total_parameters": 36955619,
  "trainable_parameters": 28412323,
  "inference_time_seconds": 43.42061648424715,
  "inference_time_per_sample_ms": 1.2937819637152392
}