{
  "total_parameters": 36955619,
  "trainable_parameters": 28412323,
  "total_training_time_seconds": 20697.797054528957,
  "average_epoch_time_seconds": 411.7783993315464,
  "completed_epochs": 50
}