{
  "accuracy": 0.7922588719048896,
  "precision": 0.799525793920441,
  "recall": 0.7922588719048896,
  "f1": 0.7815678412046079,
  "macro_f1": 0.5207831437890136,
  "num_samples": 33561,
  "epoch": 48,
  "val_loss": 3.173185510166263,
  "val_acc": 0.7922588719048896,
  "best_model_path": "output/models/lr_0.0005_bs_16/best_model.pth",
  "total_parameters": 36955619,
  "trainable_parameters": 28412323,
  "inference_time_seconds": 44.9573707501404,
  "inference_time_per_sample_ms": 1.339571846790632
}