{
  "accuracy": 0.7968177348708322,
  "precision": 0.803272331788415,
  "recall": 0.7968177348708322,
  "f1": 0.7857718618632342,
  "macro_f1": 0.5217313441805365,
  "num_samples": 33561,
  "epoch": 49,
  "val_loss": 2.0815123201317003,
  "val_acc": 0.7968177348708322,
  "best_model_path": "output/models/lr_0.0005_bs_32/best_model.pth",
  "total_parameters": 36955619,
  "trainable_parameters": 28412323,
  "inference_time_seconds": 42.288161752861924,
  "inference_time_per_sample_ms": 1.2600387876660983
}